<?xml version="1.0" encoding="utf-8"?>
<!--/826233/1218783/2.50/2/4/Switch/-->
<quadcept_library>
  <setting unit="mil" />
  <textstyle name="Default" height="47.244094488189" strokewidth="7.8740157480315" charwidth="47.244094488189" />
  <textstyle name="Dimension" height="19.6850393700787" strokewidth="0" charwidth="19.6850393700787" />
  <textstyle name="H127W0635TH00762" height="50" strokewidth="3" charwidth="25" />
  <textstyle name="H15W15TH02" height="59.0551181102362" strokewidth="7.8740157480315" charwidth="59.0551181102362" />
  <padstyle name="r145_160" surface="True" plated="False" isvia="False" nopaste="False" nomask="True" complex="False" holesize="0">
    <padshape layer="TOP" shape="rectangle" width="62.992125984251" height="57.086614173228" />
    <padshape layer="TOP_SOLDER_MASK" shape="rectangle" width="70.866141732283" height="64.960629921259" />
    <padshape layer="TOP_SOLDER_PASTE" shape="rectangle" width="62.992125984251" height="57.086614173228" />
  </padstyle>
  <footprint name="SOD10040X470N" originx="0" originy="0" pickpointx="0" pickpointy="0">
    <pcbpin number="1" name="1" style="r145_160" originx="-185.03937007874" originy="0" rotation="90" />
    <pcbpin number="2" name="2" style="r145_160" originx="185.03937007874" originy="0" rotation="90" />
    <line layer="TOP_PLACE_BOUND" originx="-223.42519685039" originy="135.82677165354" endx="223.42519685039" endy="135.82677165354" width="1.9685039370079" />
    <line layer="TOP_PLACE_BOUND" originx="223.42519685039" originy="135.82677165354" endx="223.42519685039" endy="-135.82677165354" width="1.9685039370079" />
    <line layer="TOP_PLACE_BOUND" originx="223.42519685039" originy="-135.82677165354" endx="-223.42519685039" endy="-135.82677165354" width="1.9685039370079" />
    <line layer="TOP_PLACE_BOUND" originx="-223.42519685039" originy="-135.82677165354" endx="-223.42519685039" endy="135.82677165354" width="1.9685039370079" />
    <line layer="TOP_ASSEMBLY" originx="-125.9842519685" originy="77.75590551181" endx="125.9842519685" endy="77.75590551181" width="3.9370078740157" />
    <line layer="TOP_ASSEMBLY" originx="125.9842519685" originy="77.75590551181" endx="125.9842519685" endy="-77.75590551181" width="3.9370078740157" />
    <line layer="TOP_ASSEMBLY" originx="125.9842519685" originy="-77.75590551181" endx="-125.9842519685" endy="-77.75590551181" width="3.9370078740157" />
    <line layer="TOP_ASSEMBLY" originx="-125.9842519685" originy="-77.75590551181" endx="-125.9842519685" endy="77.75590551181" width="3.9370078740157" />
    <line layer="TOP_ASSEMBLY" originx="-125.9842519685" originy="49.212598425196" endx="-97.440944881889" endy="77.75590551181" width="3.9370078740157" />
    <line layer="TOP_SILKSCREEN" originx="-213.58267716535" originy="77.75590551181" endx="125.9842519685" endy="77.75590551181" width="7.8740157480314" />
    <line layer="TOP_SILKSCREEN" originx="-125.9842519685" originy="-77.75590551181" endx="125.9842519685" endy="-77.75590551181" width="7.8740157480314" />
  </footprint>
  <symbol name="CFS-0102MB" originx="0" originy="0">
    <line originx="200" originy="100" endx="600" endy="100" width="0" />
    <line originx="600" originy="-200" endx="600" endy="100" width="0" />
    <line originx="600" originy="-200" endx="200" endy="-200" width="0" />
    <line originx="200" originy="100" endx="200" endy="-200" width="0" />
    <sympin number="1" originx="200" originy="0" rotation="180" length="100" width="7.8740157480315" flipped="False">
      <text name="pinname" originx="230" originy="0" style="Default" rotation="0" justify="left" flipped="False" hidden="False" data="1" />
      <text name="pindes" originx="140" originy="20" style="Default" rotation="0" justify="lowerright" flipped="False" hidden="False" data="1" />
    </sympin>
    <sympin number="2" originx="200" originy="-100" rotation="180" length="100" width="7.8740157480315" flipped="False">
      <text name="pinname" originx="230" originy="-100" style="Default" rotation="0" justify="left" flipped="False" hidden="False" data="2" />
      <text name="pindes" originx="140" originy="-80" style="Default" rotation="0" justify="lowerright" flipped="False" hidden="False" data="2" />
    </sympin>
  </symbol>
  <component name="CFS-0102MB" designatorprefix="S" height="185.03937007874" footprint="SOD10040X470N">
    <comppin designator="1" sympin="1" pinswap="0" gateswap="0" gate="1" group="1" side="" type="Any" name="1" />
    <comppin designator="2" sympin="2" pinswap="0" gateswap="0" gate="1" group="1" side="" type="Any" name="2" />
    <attached_symbol gate="1" name="CFS-0102MB" />
    <pinmap designator="1" footprintpin="1" />
    <pinmap designator="2" footprintpin="2" />
    <text name="Datasheet" originx="0" originy="0" style="Default" rotation="0" justify="" flipped="False" hidden="True" data="https://www.nidec-copal-electronics.com/e/catalog/switch/cfs.pdf" />
    <text name="Description" originx="0" originy="0" style="Default" rotation="0" justify="" flipped="False" hidden="True" data="CFS SLIDE SWITCHES (FULL PITCH)" />
    <text name="Manufacturer_Name" originx="0" originy="0" style="Default" rotation="0" justify="" flipped="False" hidden="True" data="Copal Electronics" />
    <text name="Manufacturer_Part_Number" originx="650" originy="200" style="Default" rotation="0" justify="left" flipped="False" hidden="False" data="CFS-0102MB" />
    <text name="Mouser Part Number" originx="0" originy="0" style="Default" rotation="0" justify="" flipped="False" hidden="True" data="" />
    <text name="Mouser Price/Stock" originx="0" originy="0" style="Default" rotation="0" justify="" flipped="False" hidden="True" data="" />
    <text name="Arrow Part Number" originx="0" originy="0" style="Default" rotation="0" justify="" flipped="False" hidden="True" data="" />
    <text name="Arrow Price/Stock" originx="0" originy="0" style="Default" rotation="0" justify="" flipped="False" hidden="True" data="" />
  </component>
</quadcept_library>
